SKU,Type,Price,Availability,Quantity_Sold,Revenue,Customer_Gender,Stock_Level,Lead_Times,Total_Orders,Manufacturer_Location,Lead_Time,Production_Volume,Manufacturing_LT,Manufacturing_Cost,Inspection_Result,Defect_Rate,Transport_Mode,Route_ID,Total_Cost,Shipping_Time,Carrier_ID,Shipping_Cost,Supplier_ID
0,Haircare,69.81,55,802,8662.0,Non-binary,58,7,96,Mumbai,29,215,29,46.28,Pending,0.23,Road,B,187.75,4,B,2.96,3
1,Skincare,14.84,95,736,7460.9,Female,53,30,37,Mumbai,23,517,30,33.62,Pending,4.85,Road,B,503.07,2,A,9.72,3
2,Haircare,11.32,34,8,9577.75,Unknown,1,10,88,Mumbai,12,971,27,30.69,Pending,4.58,Air,C,141.92,2,B,8.05,1
3,Skincare,61.16,68,83,7766.84,Non-binary,23,13,59,Kolkata,24,937,18,35.62,Fail,4.75,Rail,A,254.78,6,C,1.73,5
4,Skincare,4.81,26,871,2686.51,Non-binary,5,3,56,Delhi,5,414,3,92.07,Fail,3.15,Air,A,923.44,8,A,3.89,1
5,Haircare,1.7,87,147,2828.35,Non-binary,90,27,66,Bangalore,10,104,17,56.77,Fail,2.78,Road,A,235.46,3,B,4.44,4
6,Skincare,4.08,48,65,7823.48,Male,11,15,58,Kolkata,14,314,24,1.09,Pending,1.0,Sea,A,134.37,8,C,3.88,3
7,Cosmetics,42.96,59,426,8496.1,Female,93,17,11,Bangalore,22,564,1,99.47,Fail,0.4,Road,C,802.06,1,B,2.35,4
8,Cosmetics,68.72,78,150,7517.36,Female,5,10,15,Mumbai,13,769,8,11.42,Pending,2.71,Sea,B,505.56,7,C,3.4,4
9,Skincare,64.02,35,980,4971.15,Unknown,14,27,83,Chennai,29,963,23,47.96,Pending,3.84,Rail,B,995.93,1,A,7.17,2
10,Skincare,15.71,11,996,2330.97,Non-binary,51,13,80,Kolkata,18,830,5,96.53,Pass,1.73,Road,B,806.1,2,C,8.67,5
11,Skincare,90.64,95,960,6099.94,Female,46,23,60,Kolkata,28,362,11,27.59,Pending,0.02,Air,A,126.72,1,A,4.52,2
12,Haircare,71.21,41,336,2873.74,Unknown,100,30,85,Kolkata,3,563,3,32.32,Fail,2.16,Road,B,402.97,4,A,1.33,4
13,Skincare,16.16,5,249,4052.74,Male,80,8,48,Bangalore,23,173,10,97.83,Pending,1.63,Road,B,547.24,9,A,9.54,5
14,Skincare,99.17,26,562,8653.57,Non-binary,54,29,78,Kolkata,25,558,14,5.79,Pending,0.1,Air,B,929.24,5,B,2.04,1
15,Skincare,36.99,94,469,5442.09,Non-binary,9,8,69,Bangalore,14,580,7,97.12,Pass,2.26,Sea,B,127.86,7,B,2.42,1
16,Skincare,7.55,74,280,6453.8,Female,2,5,78,Bangalore,3,399,21,77.11,Pass,1.01,Air,A,865.53,1,B,4.19,1
17,Cosmetics,81.46,82,126,2629.4,Female,45,17,85,Chennai,7,453,16,47.68,Fail,0.1,Air,C,670.93,9,C,3.59,1
18,Haircare,36.44,23,620,9364.67,Unknown,10,10,46,Kolkata,18,374,17,27.11,Pending,2.23,Sea,A,593.48,8,C,4.34,2
19,Skincare,51.12,100,187,2553.5,Unknown,48,11,94,Chennai,20,694,16,82.37,Fail,3.65,Road,C,477.31,3,A,4.74,4
20,Skincare,96.34,22,320,8128.03,Unknown,27,12,68,Chennai,29,309,6,65.69,Pass,4.23,Air,B,493.87,6,A,8.88,1
21,Cosmetics,84.89,60,601,7087.05,Unknown,69,25,7,Chennai,19,791,4,61.74,Pending,0.02,Air,C,523.36,6,B,6.04,5
22,Haircare,27.68,55,884,2390.81,Unknown,71,1,63,Kolkata,22,780,28,50.12,Fail,2.59,Rail,C,205.57,10,A,9.57,4
23,Cosmetics,4.32,30,391,8858.37,Unknown,84,5,29,Kolkata,11,568,29,98.61,Pending,1.34,Rail,A,196.33,7,A,2.92,5
24,Haircare,4.16,32,209,9049.08,Male,4,26,2,Bangalore,28,447,3,40.38,Pending,3.69,Air,A,758.72,8,C,9.74,2
25,Haircare,39.63,73,142,2174.78,Male,82,11,52,Kolkata,19,934,23,78.28,Pending,3.8,Road,B,458.54,3,C,2.23,4
26,Haircare,97.45,9,353,3716.49,Male,59,16,48,Bangalore,26,171,4,15.97,Pass,2.12,Rail,A,617.87,4,B,6.51,2
27,Cosmetics,92.56,42,352,2686.46,Unknown,47,9,62,Mumbai,25,291,4,10.53,Fail,2.86,Sea,B,762.46,8,C,7.41,5
28,Cosmetics,2.4,12,394,6117.32,Female,48,15,24,Mumbai,13,171,7,59.43,Fail,0.82,Air,A,123.44,4,B,9.9,1
29,Cosmetics,63.45,3,253,8318.9,Female,45,5,67,Kolkata,16,329,7,39.29,Pass,3.88,Road,B,764.94,7,B,8.1,1
30,Haircare,8.02,10,327,2766.34,Male,60,26,35,Kolkata,27,806,30,51.63,Pending,0.97,Road,C,880.08,7,B,8.95,4
31,Skincare,50.85,28,168,9655.14,Male,6,17,44,Chennai,24,461,8,60.25,Pending,2.99,Rail,C,609.38,4,B,2.68,3
32,Skincare,79.21,43,781,9571.55,Unknown,89,13,64,Kolkata,30,737,7,29.69,Pass,1.95,Road,A,761.17,4,C,6.6,3
33,Cosmetics,64.8,63,616,5150.0,Non-binary,4,17,95,Chennai,1,251,23,23.85,Fail,3.54,Sea,A,371.26,9,C,4.86,5
34,Skincare,37.47,96,602,9061.71,Unknown,1,26,21,Chennai,4,452,10,10.75,Pass,0.65,Road,B,510.36,7,A,1.02,1
35,Cosmetics,84.96,11,449,6541.33,Female,42,27,85,Delhi,3,367,2,58.0,Pass,0.54,Sea,C,553.42,8,C,5.29,1
36,Skincare,9.81,34,963,7573.4,Female,18,23,28,Delhi,26,671,19,45.53,Fail,3.81,Air,C,403.81,3,B,2.11,2
37,Skincare,23.4,5,963,2438.34,Female,25,8,21,Kolkata,24,867,15,34.34,Pending,2.61,Sea,A,183.93,9,A,1.53,3
38,Cosmetics,52.08,75,705,9692.32,Non-binary,69,1,88,Mumbai,10,841,12,5.93,Pending,0.61,Air,B,339.67,5,B,9.24,5
39,Skincare,19.13,26,176,1912.47,Female,78,29,34,Kolkata,30,791,6,9.01,Fail,1.45,Air,B,653.67,3,A,5.56,2
40,Skincare,80.54,97,933,5724.96,Female,90,20,39,Kolkata,18,793,1,88.18,Pending,4.21,Road,A,529.81,8,C,7.23,1
41,Skincare,99.11,35,556,5521.21,Female,64,19,38,Chennai,18,892,7,95.33,Fail,0.05,Sea,A,275.52,8,B,5.77,4
42,Skincare,46.53,98,155,1839.61,Female,22,27,57,Bangalore,26,179,7,96.42,Fail,4.94,Road,A,635.66,4,C,7.53,5
43,Haircare,11.74,6,598,5737.43,Unknown,36,29,85,Mumbai,1,206,23,26.28,Pending,0.37,Air,A,716.04,9,B,3.69,5
44,Cosmetics,51.36,34,919,7152.29,Female,13,19,72,Delhi,7,834,18,22.55,Fail,2.96,Rail,A,610.45,6,C,7.58,2
45,Haircare,33.78,1,24,5267.96,Male,93,7,52,Chennai,25,794,25,66.31,Pass,3.22,Rail,A,495.31,6,B,5.22,2
46,Haircare,27.08,75,859,2556.77,Non-binary,92,29,6,Chennai,18,870,23,77.32,Pending,3.65,Road,B,380.44,8,B,4.07,3
47,Skincare,95.71,93,910,7089.47,Male,4,15,51,Kolkata,10,964,20,19.71,Pending,0.38,Rail,A,581.6,9,B,8.98,1
48,Haircare,76.04,28,29,7397.07,Non-binary,30,16,9,Mumbai,9,109,18,23.13,Fail,1.7,Rail,B,768.65,3,C,7.1,2
49,Cosmetics,78.9,19,99,8001.61,Unknown,97,24,9,Delhi,28,177,28,14.15,Pass,2.83,Rail,A,336.89,6,C,2.51,5
50,Cosmetics,14.2,91,633,5910.89,Female,31,23,82,Delhi,20,306,21,45.18,Fail,4.75,Rail,B,496.25,10,A,6.25,2
51,Haircare,26.7,61,154,9866.47,Male,100,4,52,Bangalore,18,673,28,14.19,Pending,1.77,Road,A,694.98,1,A,4.78,5
52,Skincare,98.03,1,820,9435.76,Male,64,11,11,Mumbai,10,727,27,9.17,Pending,2.12,Air,C,602.9,1,B,8.63,1
53,Skincare,30.34,93,242,8232.33,Male,96,25,54,Delhi,1,631,17,83.34,Pending,1.41,Air,B,750.74,3,B,1.01,1
54,Haircare,31.15,11,622,6088.02,Non-binary,33,22,61,Kolkata,26,497,29,30.19,Pass,2.48,Road,B,814.07,3,B,4.31,1
55,Haircare,79.86,16,701,2925.68,Male,97,11,11,Delhi,27,918,5,30.32,Fail,4.55,Sea,B,323.01,5,A,5.01,2
56,Skincare,20.99,90,93,4767.02,Non-binary,25,23,83,Mumbai,24,826,28,12.84,Pass,1.17,Air,B,832.21,5,C,1.77,1
57,Haircare,49.26,65,227,1605.87,Unknown,5,18,51,Delhi,21,588,25,67.78,Pending,2.51,Rail,A,482.19,1,B,9.16,2
58,Skincare,59.84,81,896,2021.15,Non-binary,10,5,44,Delhi,18,396,7,65.05,Fail,1.73,Road,B,110.36,7,A,4.94,3
59,Cosmetics,63.83,30,484,1061.62,Non-binary,100,16,26,Kolkata,11,176,4,1.9,Fail,0.45,Air,A,312.57,7,B,7.29,1
60,Skincare,17.03,16,380,8864.08,Female,41,27,72,Mumbai,29,929,24,87.21,Fail,2.85,Rail,A,430.17,8,C,4.38,4
61,Haircare,52.03,23,117,6885.59,Unknown,32,23,36,Kolkata,14,480,12,78.7,Fail,4.37,Air,A,164.37,7,C,9.03,4
62,Cosmetics,72.8,89,270,3899.75,Unknown,86,2,40,Mumbai,13,751,14,21.05,Pass,1.87,Sea,C,320.85,7,C,7.29,2
63,Skincare,13.02,55,246,4256.95,Non-binary,54,19,10,Bangalore,18,736,10,20.08,Pending,3.63,Sea,A,687.29,4,A,2.46,3
64,Skincare,89.63,11,134,8458.73,Female,73,27,75,Delhi,17,328,6,8.69,Fail,0.16,Air,C,771.23,6,C,4.59,1
65,Skincare,33.7,72,457,8354.58,Male,57,24,54,Kolkata,16,358,21,1.6,Fail,4.91,Rail,C,555.86,8,C,6.58,5
66,Skincare,26.03,52,704,8367.72,Female,13,17,19,Kolkata,24,867,28,42.08,Fail,3.45,Road,A,393.84,8,A,2.22,5
67,Skincare,87.76,16,513,9473.8,Unknown,12,9,71,Mumbai,10,198,11,7.06,Pass,0.13,Sea,C,169.27,9,C,9.15,1
68,Haircare,37.93,29,163,3550.22,Non-binary,0,8,58,Bangalore,2,375,18,97.11,Fail,1.98,Rail,A,299.71,8,B,1.19,2
69,Skincare,54.87,62,511,1752.38,Non-binary,95,1,27,Kolkata,9,862,7,77.63,Pending,1.36,Air,A,207.66,3,B,9.71,4
70,Haircare,47.91,90,32,7014.89,Female,10,12,22,Bangalore,22,775,16,11.44,Pass,1.83,Road,C,183.27,4,B,6.32,1
71,Cosmetics,6.38,14,637,8180.34,Female,76,2,26,Bangalore,2,258,10,30.66,Pending,2.08,Road,A,405.17,6,A,9.23,2
72,Cosmetics,90.2,88,478,2633.12,Non-binary,57,29,77,Bangalore,21,152,11,55.76,Pending,3.21,Rail,B,677.94,9,A,6.6,1
73,Cosmetics,83.85,41,375,7910.89,Male,17,25,66,Chennai,13,444,4,46.87,Fail,4.62,Road,A,866.47,5,B,1.51,4
74,Haircare,3.17,64,904,5709.95,Female,41,6,1,Delhi,1,919,9,80.58,Fail,0.4,Rail,A,341.55,5,A,5.24,4
75,Skincare,93.0,29,106,1889.07,Non-binary,16,20,56,Chennai,25,759,11,48.06,Pass,2.03,Air,C,873.13,10,C,2.47,1
76,Haircare,69.11,23,241,5328.38,Male,38,1,22,Bangalore,25,985,24,64.32,Pending,2.18,Rail,A,997.41,10,A,7.05,2
77,Haircare,57.45,14,359,2483.76,Unknown,96,28,57,Kolkata,26,334,5,42.95,Pass,3.06,Road,B,852.57,4,B,6.78,1
78,Haircare,6.31,50,946,1292.46,Unknown,5,4,51,Mumbai,25,858,21,71.13,Pending,4.1,Sea,C,323.59,5,B,8.47,5
79,Haircare,57.06,56,198,7888.72,Non-binary,31,25,20,Bangalore,5,228,12,57.87,Pending,0.17,Air,C,351.5,1,B,6.5,3
80,Skincare,91.13,75,872,8651.67,Unknown,39,14,41,Chennai,8,202,5,76.96,Fail,2.85,Sea,B,787.78,2,C,2.83,3
81,Haircare,72.82,9,774,4384.41,Unknown,48,6,8,Delhi,28,698,1,19.79,Pending,2.55,Rail,B,276.78,5,B,4.07,3
82,Skincare,17.03,13,336,2943.38,Unknown,42,19,72,Mumbai,6,955,26,4.47,Pending,4.14,Road,C,589.98,1,A,4.71,2
83,Haircare,68.91,82,663,2411.75,Unknown,65,24,7,Bangalore,20,443,5,97.73,Fail,0.77,Road,A,682.97,8,B,4.95,1
84,Haircare,89.1,99,618,2048.29,Unknown,73,26,80,Chennai,24,589,22,33.81,Pass,4.84,Air,B,465.46,10,A,8.38,5
85,Cosmetics,76.96,83,25,8684.61,Female,15,18,66,Chennai,4,211,2,69.93,Fail,1.37,Road,B,842.69,2,C,8.25,5
86,Skincare,20.0,18,223,1229.59,Unknown,32,14,22,Mumbai,4,569,18,74.61,Pass,2.05,Rail,A,264.25,6,B,1.45,1
87,Haircare,80.41,24,79,5133.85,Male,5,7,55,Chennai,27,523,17,28.7,Fail,3.69,Sea,B,879.36,10,A,6.58,3
88,Cosmetics,75.27,58,737,9444.74,Male,60,18,85,Mumbai,21,953,11,68.18,Pending,0.72,Sea,A,103.92,7,A,3.8,2
89,Cosmetics,97.76,10,134,5924.68,Unknown,90,1,27,Kolkata,23,370,11,46.6,Pending,1.91,Rail,B,517.5,8,B,9.93,1
90,Skincare,13.88,56,320,9592.63,Non-binary,66,18,96,Bangalore,8,585,8,85.68,Pass,1.22,Rail,B,990.08,7,B,7.67,3
91,Cosmetics,62.11,90,916,1935.21,Male,98,22,85,Delhi,5,207,28,39.77,Pending,0.63,Rail,B,996.78,7,B,7.47,4
92,Cosmetics,47.71,44,276,2100.13,Male,90,25,10,Mumbai,4,671,29,62.61,Pass,0.33,Rail,B,230.09,8,B,4.47,2
93,Haircare,69.29,88,114,4531.4,Unknown,63,17,66,Chennai,21,824,20,35.63,Fail,4.17,Air,A,823.52,1,C,7.01,4
94,Cosmetics,3.04,97,987,7888.36,Unknown,77,26,72,Delhi,12,908,14,60.39,Pass,1.46,Rail,B,846.67,9,B,6.94,2
95,Haircare,77.9,65,672,7386.36,Unknown,15,14,26,Mumbai,18,450,26,58.89,Pending,1.21,Air,A,778.86,9,B,8.63,4
96,Cosmetics,24.42,29,324,7698.42,Non-binary,67,2,32,Mumbai,28,648,28,17.8,Pending,3.87,Road,A,188.74,3,C,5.35,3
97,Haircare,3.53,56,62,4370.92,Male,46,19,4,Mumbai,10,535,13,65.77,Fail,3.38,Road,A,540.13,9,A,7.9,4
98,Skincare,19.75,43,913,8525.95,Female,53,1,27,Chennai,28,581,9,5.6,Pending,2.91,Rail,A,882.2,7,B,1.41,5
99,Haircare,68.52,17,627,9185.19,Unknown,55,8,59,Chennai,29,921,2,38.07,Fail,0.35,Rail,B,210.74,6,B,1.31,2
